run_id,algorithm,episode,reward
0,a2c,0,-173.90457829625404
0,a2c,1,-148.6847453678326
0,a2c,2,-172.15095836444345
0,a2c,3,-202.5752557604922
0,a2c,4,-185.877580987842
0,a2c,5,-202.14000880934398
0,a2c,6,-177.41424696820943
0,a2c,7,-133.4368209983863
0,a2c,8,-133.26152247299075
0,a2c,9,-188.40727924323204
0,a2c,10,-208.87679683635025
0,a2c,11,-174.39608914081316
0,a2c,12,-146.57577003806816
0,a2c,13,-146.0057310040908
0,a2c,14,-159.66368610512205
0,a2c,15,-169.65645933571324
0,a2c,16,-130.47404374990063
0,a2c,17,-135.67435812598194
0,a2c,18,-186.91982761175095
0,a2c,19,-173.5436849973721
0,a2c,20,-156.4467986302197
0,a2c,21,-135.83186679867492
0,a2c,22,-184.02795442657373
0,a2c,23,-128.0674706728716
0,a2c,24,-158.23627952382427
0,a2c,25,-149.89243115186233
0,a2c,26,-123.80498136140244
0,a2c,27,-80.12493444180865
0,a2c,28,-119.50440591168618
0,a2c,29,-98.96688239115304
0,a2c,30,-116.64841960273256
0,a2c,31,-118.78189423728895
0,a2c,32,-88.48766546045509
0,a2c,33,-126.3113895471304
0,a2c,34,-103.74699520442826
0,a2c,35,-110.47006124497955
0,a2c,36,-122.56808494295727
0,a2c,37,-149.04474703107712
0,a2c,38,-117.22817929205173
0,a2c,39,-94.48735648394927
0,a2c,40,-113.57942386796313
0,a2c,41,-88.28702766048102
0,a2c,42,-122.4450376362535
0,a2c,43,-76.95937862280647
0,a2c,44,-109.47046744682764
0,a2c,45,-134.19919846196274
0,a2c,46,-142.786365797302
0,a2c,47,-85.70846343891218
0,a2c,48,-89.10970250278554
0,a2c,49,-66.4924192017265
0,a2c,50,-125.06942226843834
0,a2c,51,-82.01527813907461
0,a2c,52,-108.36189716394455
0,a2c,53,-53.56902676567912
0,a2c,54,-14.688829366633673
0,a2c,55,-92.69571933891093
0,a2c,56,-85.7512838213696
0,a2c,57,-72.08740576979906
0,a2c,58,-45.286306438882654
0,a2c,59,-52.99171320351389
0,a2c,60,-94.59197780439551
0,a2c,61,-72.46538824972635
0,a2c,62,-85.95434295845162
0,a2c,63,-52.3131888788162
0,a2c,64,-53.31228106518364
0,a2c,65,-68.4542247317319
0,a2c,66,-15.36726502964133
0,a2c,67,-71.26281926257863
0,a2c,68,-58.44239248685762
0,a2c,69,-29.607968011663914
0,a2c,70,-47.713803074785694
0,a2c,71,-15.795206476293597
0,a2c,72,-69.08107332861618
0,a2c,73,-68.96449459609813
0,a2c,74,-54.76527024122097
0,a2c,75,-58.30276938664123
0,a2c,76,-16.147526628991415
0,a2c,77,-77.25252463323211
0,a2c,78,-54.56142200805316
0,a2c,79,-74.75244023349306
0,a2c,80,-31.463981600005326
0,a2c,81,-57.73078322115499
0,a2c,82,-63.54591547327551
0,a2c,83,-53.20839722661472
0,a2c,84,-48.11342936055644
0,a2c,85,10.829216343076057
0,a2c,86,2.1383457329830264
0,a2c,87,-55.066928340576304
0,a2c,88,-9.270025671065941
0,a2c,89,-42.295585163501556
0,a2c,90,-98.90414270481766
0,a2c,91,-11.520296034858271
0,a2c,92,-20.214902425857534
0,a2c,93,11.787437146729218
0,a2c,94,-52.37362586200071
0,a2c,95,-22.177602615788597
0,a2c,96,-40.9572797841633
0,a2c,97,-37.328959566791916
0,a2c,98,-13.31473723157411
0,a2c,99,-15.996536822642152
0,a2c,100,-27.57500369581055
0,a2c,101,-29.06105515371132
0,a2c,102,11.570684069547973
0,a2c,103,7.879804549332413
0,a2c,104,31.178319191103025
0,a2c,105,18.289895656578437
0,a2c,106,7.728986846215938
0,a2c,107,-34.246622996639594
0,a2c,108,39.08404591663271
0,a2c,109,-40.63867401986354
0,a2c,110,-36.499642491962696
0,a2c,111,-1.5010460349206936
0,a2c,112,10.250820974344741
0,a2c,113,2.5443617813155224
0,a2c,114,-40.728337686284135
0,a2c,115,-50.13133005247066
0,a2c,116,-45.71462585362471
0,a2c,117,-13.39416998614788
0,a2c,118,-52.51401183441721
0,a2c,119,-27.781932933257462
0,a2c,120,-3.6850127195630957
0,a2c,121,10.812540720760355
0,a2c,122,28.476473212312122
0,a2c,123,-70.06654097597303
0,a2c,124,35.88666264174998
0,a2c,125,12.352290626903953
0,a2c,126,0.6253976107260217
0,a2c,127,14.78072970292485
0,a2c,128,39.07441329306569
0,a2c,129,37.55198971316133
0,a2c,130,10.119931613699915
0,a2c,131,-30.14817015255926
0,a2c,132,-17.61652518937158
0,a2c,133,-43.44623477010734
0,a2c,134,11.550335363570916
0,a2c,135,-41.78307644758064
0,a2c,136,-12.970166630162456
0,a2c,137,33.29886686896395
0,a2c,138,10.72707452134064
0,a2c,139,7.890947695243952
0,a2c,140,16.88174897443945
0,a2c,141,6.347560484216945
0,a2c,142,54.19977660517827
0,a2c,143,-27.448199290481835
0,a2c,144,9.164058886829396
0,a2c,145,51.17823690079605
0,a2c,146,4.069087252406942
0,a2c,147,47.082027494809616
0,a2c,148,28.818753682469726
0,a2c,149,19.940106310888368
0,a2c,150,69.82009256510618
0,a2c,151,58.04363001064043
0,a2c,152,50.693361178897234
0,a2c,153,-11.236396808057044
0,a2c,154,53.73770158494762
0,a2c,155,98.2556710650517
0,a2c,156,3.915656717870256
0,a2c,157,42.75161831121894
0,a2c,158,28.41543144704269
0,a2c,159,51.88598419939394
0,a2c,160,27.812629398661155
0,a2c,161,9.884078143855255
0,a2c,162,23.75651599297283
0,a2c,163,74.12517330615256
0,a2c,164,-1.3558163784611779
0,a2c,165,0.276064067420295
0,a2c,166,38.79483630025914
0,a2c,167,52.86631655375784
0,a2c,168,36.18653016861227
0,a2c,169,15.002545302420604
0,a2c,170,51.99365958736458
0,a2c,171,90.82702449246861
0,a2c,172,20.980589305489147
0,a2c,173,57.40543616092034
0,a2c,174,14.190716800638235
0,a2c,175,35.79340303161786
0,a2c,176,36.16760624711151
0,a2c,177,63.00358523880108
0,a2c,178,106.04394982296454
0,a2c,179,70.69298339573356
0,a2c,180,57.5936309317097
0,a2c,181,70.10314920896693
0,a2c,182,92.14520488080392
0,a2c,183,42.57099096263185
0,a2c,184,25.28581572789119
0,a2c,185,32.63036220914865
0,a2c,186,39.62923713125796
0,a2c,187,32.927940159899194
0,a2c,188,16.545152702781895
0,a2c,189,99.4571212270458
0,a2c,190,14.368507978066873
0,a2c,191,129.34162722835143
0,a2c,192,60.26616666432312
0,a2c,193,78.53929364493581
0,a2c,194,25.4465665802705
0,a2c,195,66.56344387257784
0,a2c,196,-30.949267943508193
0,a2c,197,95.00295311390762
0,a2c,198,34.71815288181428
0,a2c,199,45.54977895147913
0,a2c,200,49.45168229413467
0,a2c,201,112.78762943239143
0,a2c,202,47.77762662776482
0,a2c,203,60.45964822296488
0,a2c,204,18.943630989646145
0,a2c,205,54.68952490748825
0,a2c,206,80.6172118665229
0,a2c,207,54.91811515731568
0,a2c,208,88.11789571380285
0,a2c,209,96.14648312747029
0,a2c,210,72.20214485363365
0,a2c,211,131.23279558459353
0,a2c,212,61.43555941506013
0,a2c,213,139.21085816464708
0,a2c,214,18.336465457682515
0,a2c,215,90.82004979588349
0,a2c,216,45.62798806362664
0,a2c,217,107.30724362273119
0,a2c,218,83.62807590203522
0,a2c,219,43.83975392972812
0,a2c,220,108.40926449388583
0,a2c,221,99.74673042075473
0,a2c,222,98.31857569113679
0,a2c,223,45.95997946956568
0,a2c,224,31.074944210537595
0,a2c,225,83.52815801528013
0,a2c,226,48.28214741586946
0,a2c,227,60.327459886302655
0,a2c,228,44.166554828599246
0,a2c,229,73.96065415148371
0,a2c,230,95.51117966965182
0,a2c,231,86.92315628898704
0,a2c,232,66.87633488365762
0,a2c,233,111.55505356031925
0,a2c,234,103.74503409513797
0,a2c,235,86.76690480869172
0,a2c,236,40.927663772356865
0,a2c,237,45.5504649345861
0,a2c,238,117.82886547535486
0,a2c,239,127.674930765583
0,a2c,240,118.84904240527115
0,a2c,241,59.354867396924334
0,a2c,242,82.41323596623151
0,a2c,243,96.94135083145169
0,a2c,244,54.397715077834064
0,a2c,245,86.2471886820469
0,a2c,246,126.88083313407573
0,a2c,247,89.98958886309686
0,a2c,248,139.44810098945138
0,a2c,249,106.01402007936855
0,a2c,250,101.20152912753996
0,a2c,251,47.805736854826655
0,a2c,252,69.93223744778632
0,a2c,253,90.3603528735976
0,a2c,254,88.41694559272133
0,a2c,255,124.23418360805816
0,a2c,256,105.6924694851391
0,a2c,257,66.05516396961288
0,a2c,258,56.45809441275804
0,a2c,259,81.2754623995513
0,a2c,260,85.36332488933748
0,a2c,261,111.91648293644613
0,a2c,262,85.57216790217143
0,a2c,263,98.35308612845441
0,a2c,264,151.41640733605917
0,a2c,265,98.65838691395467
0,a2c,266,71.9735148193271
0,a2c,267,107.10159848698459
0,a2c,268,100.03634828064817
0,a2c,269,118.7995640944232
0,a2c,270,123.95757252532998
0,a2c,271,87.61950687296903
0,a2c,272,121.55433092531872
0,a2c,273,124.79913078399515
0,a2c,274,140.22235552674488
0,a2c,275,84.94209399553829
0,a2c,276,99.96289810448778
0,a2c,277,93.37959608205367
0,a2c,278,142.3574395942185
0,a2c,279,131.59424355614493
0,a2c,280,64.36887229881637
0,a2c,281,117.1389539331065
0,a2c,282,150.95580382824303
0,a2c,283,62.463713282547715
0,a2c,284,82.53672528312842
0,a2c,285,93.55810960726703
0,a2c,286,118.43021922221425
0,a2c,287,86.8398263953971
0,a2c,288,103.59782228564539
0,a2c,289,124.59937117782458
0,a2c,290,141.18496772150206
0,a2c,291,138.33461882752403
0,a2c,292,101.54626343523874
0,a2c,293,127.14174707791348
0,a2c,294,100.06890095852802
0,a2c,295,88.03252163082637
0,a2c,296,88.10745506999987
0,a2c,297,93.39148207530694
0,a2c,298,88.6874899214525
0,a2c,299,80.64945463061848
0,a2c,300,145.32339246906946
0,a2c,301,102.72178584969163
0,a2c,302,82.65708376809094
0,a2c,303,97.6483640692368
0,a2c,304,78.17759142236729
0,a2c,305,98.75444978453605
0,a2c,306,127.04400990640902
0,a2c,307,129.19628884406185
0,a2c,308,127.30711959367287
0,a2c,309,151.6954205728364
0,a2c,310,156.05421865224156
0,a2c,311,88.54633519815783
0,a2c,312,49.50587787991219
0,a2c,313,119.74233124392796
0,a2c,314,113.88314657272693
0,a2c,315,101.30250784716849
0,a2c,316,117.6096112194825
0,a2c,317,91.86858382431633
0,a2c,318,107.39163589498375
0,a2c,319,81.9676500720408
0,a2c,320,81.9747535641782
0,a2c,321,97.31958658784046
0,a2c,322,152.33074936575377
0,a2c,323,63.13692618614008
0,a2c,324,88.92821810954614
0,a2c,325,129.49959207964952
0,a2c,326,113.82380095144156
0,a2c,327,119.56376448293268
0,a2c,328,112.82576325272952
0,a2c,329,150.99567979656922
0,a2c,330,112.9388550091798
0,a2c,331,153.53404219264766
0,a2c,332,121.21723143050377
0,a2c,333,102.05874462719376
0,a2c,334,127.99233131468111
0,a2c,335,97.52222549561108
0,a2c,336,127.00707236956514
0,a2c,337,128.4417350065265
0,a2c,338,117.63431096697154
0,a2c,339,124.49912934304247
0,a2c,340,132.4315424914542
0,a2c,341,92.0907174081689
0,a2c,342,153.49726757055467
0,a2c,343,100.31694072526608
0,a2c,344,111.37173384881781
0,a2c,345,118.34172919554084
0,a2c,346,132.35698498815884
0,a2c,347,179.12797572477118
0,a2c,348,112.51910806838882
0,a2c,349,142.17939962440425
0,a2c,350,110.61679977039016
0,a2c,351,119.8916798149224
0,a2c,352,131.8736240831602
0,a2c,353,96.24055826427698
0,a2c,354,158.35453614502006
0,a2c,355,174.94845347243412
0,a2c,356,168.54588425341836
0,a2c,357,145.1590703553942
0,a2c,358,116.37917838845188
0,a2c,359,105.20015243641323
0,a2c,360,140.13663594760274
0,a2c,361,64.51976753848814
0,a2c,362,126.13484747936002
0,a2c,363,136.96581316124224
0,a2c,364,134.05946017939138
0,a2c,365,145.47933266781973
0,a2c,366,114.42461568341216
0,a2c,367,169.7375044324616
0,a2c,368,195.47471083465902
0,a2c,369,191.24811833779603
0,a2c,370,129.62746658876813
0,a2c,371,113.3530146118802
0,a2c,372,146.5346162135472
0,a2c,373,103.16183404156975
0,a2c,374,158.61823496949296
0,a2c,375,121.27637745481475
0,a2c,376,136.90937076123095
0,a2c,377,106.72642299927496
0,a2c,378,151.58583817870593
0,a2c,379,101.21259994254159
0,a2c,380,116.93523720502134
0,a2c,381,59.58938264947298
0,a2c,382,132.78708939446847
0,a2c,383,84.98497341688369
0,a2c,384,82.57313342615751
0,a2c,385,113.93698619529876
0,a2c,386,181.79368699208527
0,a2c,387,135.03885140174927
0,a2c,388,125.21585486908347
0,a2c,389,88.36980090725915
0,a2c,390,128.22904897602155
0,a2c,391,143.24635017051403
0,a2c,392,142.44416970521507
0,a2c,393,96.93105532456443
0,a2c,394,114.28501013307776
0,a2c,395,79.0301402313903
0,a2c,396,103.06933541444705
0,a2c,397,150.17178489415468
0,a2c,398,171.8953868581631
0,a2c,399,152.9136663947347
0,a2c,400,173.7241354023076
0,a2c,401,146.31937307270826
0,a2c,402,181.256064019183
0,a2c,403,144.80603943566086
0,a2c,404,133.89353269466878
0,a2c,405,136.97932289785965
0,a2c,406,119.40256823122022
0,a2c,407,162.3530875594777
0,a2c,408,102.02561313912315
0,a2c,409,153.8163554862843
0,a2c,410,139.49341904029654
0,a2c,411,163.86337939116305
0,a2c,412,171.8480613672551
0,a2c,413,181.9687193003705
0,a2c,414,171.66833755714876
0,a2c,415,81.07052778887972
0,a2c,416,134.8279055242377
0,a2c,417,107.41818450429884
0,a2c,418,116.93115244668783
0,a2c,419,189.51918120862132
0,a2c,420,129.21343626935763
0,a2c,421,146.2056542013857
0,a2c,422,151.40547857174147
0,a2c,423,172.10572526486303
0,a2c,424,133.84157097302784
0,a2c,425,89.39587557358637
0,a2c,426,115.61809035366
0,a2c,427,133.6431192775658
0,a2c,428,151.70622439538403
0,a2c,429,151.41535883671946
0,a2c,430,143.43000580634248
0,a2c,431,138.82683623650902
0,a2c,432,169.46991795890006
0,a2c,433,168.8231687840976
0,a2c,434,167.93330160549334
0,a2c,435,161.0442032577752
0,a2c,436,118.78873601493893
0,a2c,437,146.93286011695875
0,a2c,438,135.37821828851708
0,a2c,439,114.45772340455035
0,a2c,440,93.64248665363563
0,a2c,441,143.48442001791568
0,a2c,442,133.65356779747586
0,a2c,443,152.23129732151307
0,a2c,444,98.78591789112679
0,a2c,445,125.75643757446872
0,a2c,446,145.08804221126329
0,a2c,447,115.4312171880342
0,a2c,448,131.02602585439624
0,a2c,449,152.78042475295504
0,a2c,450,159.63861647346775
0,a2c,451,153.81140159394886
0,a2c,452,157.23733286417007
0,a2c,453,178.37077568208645
0,a2c,454,153.58820326044844
0,a2c,455,105.23900625100748
0,a2c,456,90.48327342644774
0,a2c,457,130.8073347603374
0,a2c,458,148.93412448605994
0,a2c,459,128.1343875058336
0,a2c,460,144.42291390805818
0,a2c,461,171.30715256090852
0,a2c,462,187.6545890587353
0,a2c,463,151.4928136162028
0,a2c,464,154.02407338788507
0,a2c,465,131.9109658341664
0,a2c,466,101.0254565115579
0,a2c,467,170.07635015569923
0,a2c,468,150.42275748283882
0,a2c,469,143.65832815074933
0,a2c,470,147.54324067437204
0,a2c,471,128.2564937390181
0,a2c,472,141.7439812989477
0,a2c,473,155.81525215948858
0,a2c,474,128.94510885062974
0,a2c,475,122.71819757506661
0,a2c,476,133.79227994411883
0,a2c,477,149.9344990583298
0,a2c,478,152.51480945527777
0,a2c,479,159.61072691016045
0,a2c,480,134.0883113649105
0,a2c,481,183.6960859251665
0,a2c,482,168.9530117104089
0,a2c,483,178.83183295500018
0,a2c,484,147.48427000384413
0,a2c,485,147.4837363294405
0,a2c,486,140.5604366810904
0,a2c,487,119.63174817653464
0,a2c,488,157.41370025765275
0,a2c,489,136.83178014526877
0,a2c,490,142.01043850303535
0,a2c,491,187.98210372112942
0,a2c,492,212.22557490619943
0,a2c,493,119.34186105089456
0,a2c,494,114.03202844629278
0,a2c,495,204.46725731361786
0,a2c,496,183.59183460251444
0,a2c,497,186.48659056998846
0,a2c,498,157.26735606157504
0,a2c,499,135.55182207645
1,a2c,0,-184.5280685104238
1,a2c,1,-152.97962847921156
1,a2c,2,-158.11421839648276
1,a2c,3,-199.4583729032556
1,a2c,4,-200.2335394065466
1,a2c,5,-194.6305804024387
1,a2c,6,-149.960694317691
1,a2c,7,-123.3262295996672
1,a2c,8,-136.22753546453802
1,a2c,9,-202.1711636377183
1,a2c,10,-191.25375396732892
1,a2c,11,-169.9209486007471
1,a2c,12,-149.63576364006488
1,a2c,13,-129.52992343284356
1,a2c,14,-157.64775368450944
1,a2c,15,-167.64441912071206
1,a2c,16,-136.4788629158321
1,a2c,17,-141.83797466259506
1,a2c,18,-171.8398441225034
1,a2c,19,-172.3264468579779
1,a2c,20,-160.5432642099733
1,a2c,21,-141.71092886784584
1,a2c,22,-190.85462113192557
1,a2c,23,-116.69052313352465
1,a2c,24,-147.6640139982888
1,a2c,25,-143.2903570392616
1,a2c,26,-104.99777386238814
1,a2c,27,-101.07272549768943
1,a2c,28,-120.33038647686256
1,a2c,29,-107.6140602099096
1,a2c,30,-135.4941775224889
1,a2c,31,-121.09175484706097
1,a2c,32,-79.19767897906502
1,a2c,33,-135.89189527577682
1,a2c,34,-106.66598536844782
1,a2c,35,-83.14844078012993
1,a2c,36,-96.15831713711223
1,a2c,37,-136.51621203833795
1,a2c,38,-120.19407847562981
1,a2c,39,-123.03847944071146
1,a2c,40,-119.85026175534544
1,a2c,41,-85.23725764063539
1,a2c,42,-119.72338974908058
1,a2c,43,-68.89915313748182
1,a2c,44,-109.46198252730866
1,a2c,45,-108.56733730742505
1,a2c,46,-153.8671023525624
1,a2c,47,-82.96989912692081
1,a2c,48,-105.79371454230989
1,a2c,49,-75.65821919513691
1,a2c,50,-103.6358516967107
1,a2c,51,-89.73382990634312
1,a2c,52,-108.87721143119565
1,a2c,53,-49.01769438122286
1,a2c,54,-30.774932526839716
1,a2c,55,-83.12313438732397
1,a2c,56,-87.9212325319189
1,a2c,57,-71.47101311102185
1,a2c,58,-61.42854594031196
1,a2c,59,-61.92311324392332
1,a2c,60,-89.41733909550973
1,a2c,61,-53.96043411871696
1,a2c,62,-75.90675017209861
1,a2c,63,-59.813400378601884
1,a2c,64,-40.94758832670156
1,a2c,65,-66.8564601649601
1,a2c,66,0.7160257729820554
1,a2c,67,-74.03196051385287
1,a2c,68,-67.48948338188907
1,a2c,69,-21.13005689335229
1,a2c,70,-40.31887778676157
1,a2c,71,-31.045439051418924
1,a2c,72,-72.3946897020576
1,a2c,73,-70.75613591808502
1,a2c,74,-56.06913850150782
1,a2c,75,-28.007095129974815
1,a2c,76,-39.98373006541439
1,a2c,77,-73.29540686609441
1,a2c,78,-74.28571725789814
1,a2c,79,-51.454706580189885
1,a2c,80,-26.748911217320025
1,a2c,81,-44.026142070209744
1,a2c,82,-69.85946775748606
1,a2c,83,-51.9335791514152
1,a2c,84,-29.501203084279545
1,a2c,85,6.489410410780276
1,a2c,86,21.647703329946157
1,a2c,87,-56.111115750107224
1,a2c,88,-17.197380538880925
1,a2c,89,-17.274869359292637
1,a2c,90,-125.20218675232667
1,a2c,91,-9.780757115288335
1,a2c,92,-4.710525411517656
1,a2c,93,24.617757636397563
1,a2c,94,-30.624882411921327
1,a2c,95,-11.8100803897067
1,a2c,96,-50.66063781765283
1,a2c,97,-34.55075623249699
1,a2c,98,-15.258775618595733
1,a2c,99,7.5589896062330695
1,a2c,100,-49.1994029657601
1,a2c,101,-6.004938457861892
1,a2c,102,4.374235967548163
1,a2c,103,13.119387146988812
1,a2c,104,44.48277211970548
1,a2c,105,16.899989027092424
1,a2c,106,19.024268881949087
1,a2c,107,-43.74622452667069
1,a2c,108,32.61762036944651
1,a2c,109,-51.64166735553564
1,a2c,110,-29.050432772671353
1,a2c,111,-10.149266079378751
1,a2c,112,7.342479046145991
1,a2c,113,13.250732148394844
1,a2c,114,-29.28951638796937
1,a2c,115,-45.72897736947853
1,a2c,116,-27.58811711001459
1,a2c,117,-19.958111630230068
1,a2c,118,-70.84531906763009
1,a2c,119,-1.903650079160501
1,a2c,120,-6.661061158103962
1,a2c,121,13.260375210555459
1,a2c,122,34.69182273485522
1,a2c,123,-68.85684299288471
1,a2c,124,40.98059594895608
1,a2c,125,30.749370407068614
1,a2c,126,6.947463924288243
1,a2c,127,35.59679079593457
1,a2c,128,2.264591191522566
1,a2c,129,4.130296141076805
1,a2c,130,25.023073475597368
1,a2c,131,-21.078133681140834
1,a2c,132,-3.3039007456221596
1,a2c,133,-21.712172827066752
1,a2c,134,-21.055907834435757
1,a2c,135,-61.77917310123337
1,a2c,136,-2.1599591372394027
1,a2c,137,57.58654982946274
1,a2c,138,-6.949357696805421
1,a2c,139,22.778455022955622
1,a2c,140,0.8411477778868246
1,a2c,141,8.526926762339054
1,a2c,142,48.005486531824964
1,a2c,143,-19.391156368495757
1,a2c,144,27.459522302410814
1,a2c,145,19.50901100826433
1,a2c,146,-1.9076380810886753
1,a2c,147,55.81005408992679
1,a2c,148,18.470646682959146
1,a2c,149,18.808054527927496
1,a2c,150,81.43046846815919
1,a2c,151,33.59090432803464
1,a2c,152,29.889767170154247
1,a2c,153,-12.563855598523096
1,a2c,154,40.82247254813454
1,a2c,155,86.67978004022027
1,a2c,156,21.26163096846403
1,a2c,157,32.61445481475927
1,a2c,158,27.071020065379983
1,a2c,159,69.30865486572132
1,a2c,160,59.02341968532491
1,a2c,161,12.195844649245148
1,a2c,162,-8.376300846049674
1,a2c,163,62.43752387074259
1,a2c,164,-11.657779517928574
1,a2c,165,30.426264964680822
1,a2c,166,45.05334653834653
1,a2c,167,52.502411670014396
1,a2c,168,34.81828928803416
1,a2c,169,46.08623195758773
1,a2c,170,37.10008678636134
1,a2c,171,67.18437388051706
1,a2c,172,8.211288508199896
1,a2c,173,27.855937992168982
1,a2c,174,32.635919967398124
1,a2c,175,34.98201885643143
1,a2c,176,12.084387783282544
1,a2c,177,51.404675024974615
1,a2c,178,65.28770205873077
1,a2c,179,76.13256918360331
1,a2c,180,73.87610939765172
1,a2c,181,53.84855160077947
1,a2c,182,84.66801549053064
1,a2c,183,31.516771210386757
1,a2c,184,40.696620431804135
1,a2c,185,50.75717141209916
1,a2c,186,40.333983191976955
1,a2c,187,30.402196576751738
1,a2c,188,25.71762272186958
1,a2c,189,101.70455100145422
1,a2c,190,14.540966303529997
1,a2c,191,126.61308434606376
1,a2c,192,69.9619345848142
1,a2c,193,76.33777996177197
1,a2c,194,29.29849076881988
1,a2c,195,64.66944247800042
1,a2c,196,-24.822643542836367
1,a2c,197,114.44382970151304
1,a2c,198,56.06405655032543
1,a2c,199,68.64453523708532
1,a2c,200,43.818784995076705
1,a2c,201,102.49564416674593
1,a2c,202,60.255746024611355
1,a2c,203,92.14579008995227
1,a2c,204,41.91712580196335
1,a2c,205,51.500532127993694
1,a2c,206,64.68774778393428
1,a2c,207,69.66888179832002
1,a2c,208,77.49319874764797
1,a2c,209,77.32277523230682
1,a2c,210,77.92423535578315
1,a2c,211,115.45156106111126
1,a2c,212,48.62782307167075
1,a2c,213,112.38583276930363
1,a2c,214,45.51099296485306
1,a2c,215,88.51372056315248
1,a2c,216,56.859297652639114
1,a2c,217,93.30942612308769
1,a2c,218,101.67825567107576
1,a2c,219,32.63662830715039
1,a2c,220,97.9079086176178
1,a2c,221,89.15950554478695
1,a2c,222,91.61759564433018
1,a2c,223,39.687386131845095
1,a2c,224,27.050335177903296
1,a2c,225,76.15186447122838
1,a2c,226,44.19755645695154
1,a2c,227,47.36737372664844
1,a2c,228,49.200097237634495
1,a2c,229,73.4366925740784
1,a2c,230,109.93806674425207
1,a2c,231,73.5120506647896
1,a2c,232,41.2132413167111
1,a2c,233,114.08603580600816
1,a2c,234,67.29385692742167
1,a2c,235,79.63852836045615
1,a2c,236,42.75165273045824
1,a2c,237,29.13344548643469
1,a2c,238,126.11266346223651
1,a2c,239,147.68559695040253
1,a2c,240,129.37964219643698
1,a2c,241,54.14823953954826
1,a2c,242,67.48993628600553
1,a2c,243,89.10455536765781
1,a2c,244,75.84879362669967
1,a2c,245,98.10221270124963
1,a2c,246,114.25130213047548
1,a2c,247,64.49694824816764
1,a2c,248,130.8887686128798
1,a2c,249,91.46084440219094
1,a2c,250,105.48327066165149
1,a2c,251,39.36740311343304
1,a2c,252,83.89718983251612
1,a2c,253,75.1953105330127
1,a2c,254,105.79611626778333
1,a2c,255,122.44664039028993
1,a2c,256,116.59942524508922
1,a2c,257,63.64234277601613
1,a2c,258,67.34877087228374
1,a2c,259,74.14561002303888
1,a2c,260,81.84188170489033
1,a2c,261,113.42135694604899
1,a2c,262,83.79564996261986
1,a2c,263,90.64315338060429
1,a2c,264,170.66817853221025
1,a2c,265,106.14040512403217
1,a2c,266,56.9044556849989
1,a2c,267,102.5998147640187
1,a2c,268,78.06729353910863
1,a2c,269,139.54150887071773
1,a2c,270,121.76776692247721
1,a2c,271,104.69202102620844
1,a2c,272,126.14370248729973
1,a2c,273,114.9058142153897
1,a2c,274,114.71637229858476
1,a2c,275,82.7917082434728
1,a2c,276,80.79444181179203
1,a2c,277,86.77168864581253
1,a2c,278,118.47449143445833
1,a2c,279,128.40728304335576
1,a2c,280,66.84111602106852
1,a2c,281,88.90018808756707
1,a2c,282,143.8931799508983
1,a2c,283,54.15990961890554
1,a2c,284,85.19997816985732
1,a2c,285,108.13297775424367
1,a2c,286,116.21467311237122
1,a2c,287,102.82860720119153
1,a2c,288,92.23873362346954
1,a2c,289,130.18877700924907
1,a2c,290,149.8566230668663
1,a2c,291,131.89680018670344
1,a2c,292,106.0271680333786
1,a2c,293,99.00721669934433
1,a2c,294,86.12971964055059
1,a2c,295,94.32240685276854
1,a2c,296,73.63186704002574
1,a2c,297,69.95799078181788
1,a2c,298,98.65810709501093
1,a2c,299,75.32945027183484
1,a2c,300,144.307343731123
1,a2c,301,113.1886816654674
1,a2c,302,110.76049404676267
1,a2c,303,106.40385912110384
1,a2c,304,100.39030048501844
1,a2c,305,89.49369767944444
1,a2c,306,120.62273921426292
1,a2c,307,120.54114994282119
1,a2c,308,116.27866974907954
1,a2c,309,129.43879603562257
1,a2c,310,171.26046419247882
1,a2c,311,127.92389464789947
1,a2c,312,40.78242777747169
1,a2c,313,109.54485031953737
1,a2c,314,117.81271684897416
1,a2c,315,93.88982225786027
1,a2c,316,122.90403373905562
1,a2c,317,119.16561294397522
1,a2c,318,114.15770529656893
1,a2c,319,92.59421959771848
1,a2c,320,74.38021869893446
1,a2c,321,103.76368558397172
1,a2c,322,140.15778446711755
1,a2c,323,85.96475117430627
1,a2c,324,98.9923336011126
1,a2c,325,152.46699235641935
1,a2c,326,89.24132421701022
1,a2c,327,115.42489965006601
1,a2c,328,131.30080350044236
1,a2c,329,162.79669437649986
1,a2c,330,117.98455419112335
1,a2c,331,128.53373865116467
1,a2c,332,141.63782285314517
1,a2c,333,111.81628166899772
1,a2c,334,135.53944310785528
1,a2c,335,124.0762733203825
1,a2c,336,124.87949086946395
1,a2c,337,132.67788879081434
1,a2c,338,112.40653617325881
1,a2c,339,138.10638553843646
1,a2c,340,134.13669145032253
1,a2c,341,108.87273677211121
1,a2c,342,142.15816820186208
1,a2c,343,95.02636457951068
1,a2c,344,105.17339187380783
1,a2c,345,132.18911573772175
1,a2c,346,150.5463033022428
1,a2c,347,165.0149603636793
1,a2c,348,101.82435834797607
1,a2c,349,141.84562476029106
1,a2c,350,129.73616661105675
1,a2c,351,93.15238903758713
1,a2c,352,136.6467361699197
1,a2c,353,105.58892477049272
1,a2c,354,151.4149226486679
1,a2c,355,162.64134263947918
1,a2c,356,155.58025255871286
1,a2c,357,133.5855532198999
1,a2c,358,113.38954997749867
1,a2c,359,129.61203398510688
1,a2c,360,140.93420364616878
1,a2c,361,83.90696517351036
1,a2c,362,123.4442312518321
1,a2c,363,148.78554561259187
1,a2c,364,128.5405529417631
1,a2c,365,165.84917466104505
1,a2c,366,120.89387282185986
1,a2c,367,175.7166899424906
1,a2c,368,185.2177640082423
1,a2c,369,185.32131929453092
1,a2c,370,106.21838103785772
1,a2c,371,120.41362402151383
1,a2c,372,145.97306279923436
1,a2c,373,95.38327109846738
1,a2c,374,148.18333520207682
1,a2c,375,98.8812685951989
1,a2c,376,154.80789596207632
1,a2c,377,118.3769821551889
1,a2c,378,135.55850321829448
1,a2c,379,92.34031515659066
1,a2c,380,128.3949698804231
1,a2c,381,59.617302561051
1,a2c,382,130.05726351466805
1,a2c,383,94.86645295351401
1,a2c,384,72.7222621440255
1,a2c,385,101.91952314173437
1,a2c,386,146.36194517042216
1,a2c,387,146.57970331855321
1,a2c,388,141.29927213345172
1,a2c,389,107.38939202046964
1,a2c,390,95.14973937981713
1,a2c,391,148.6467360800831
1,a2c,392,145.26569302608692
1,a2c,393,125.17614198925108
1,a2c,394,124.03406076300564
1,a2c,395,63.94963697288365
1,a2c,396,88.1125191656754
1,a2c,397,149.2358729697969
1,a2c,398,182.93781407716025
1,a2c,399,141.29852152685683
1,a2c,400,164.06606997946835
1,a2c,401,150.4672619204541
1,a2c,402,168.75818606301922
1,a2c,403,163.48883287417254
1,a2c,404,139.2573319352305
1,a2c,405,130.90406022866753
1,a2c,406,133.47672604086443
1,a2c,407,136.3032029398777
1,a2c,408,111.02061834921449
1,a2c,409,189.0544669473615
1,a2c,410,144.45243550037554
1,a2c,411,158.76827065736305
1,a2c,412,153.0076279601836
1,a2c,413,185.07250410847448
1,a2c,414,161.05633443626277
1,a2c,415,78.85160480955851
1,a2c,416,119.87938808626978
1,a2c,417,100.39337336353921
1,a2c,418,119.72290405238535
1,a2c,419,190.65046102111216
1,a2c,420,141.4796761259778
1,a2c,421,138.16972055297734
1,a2c,422,153.4975874707247
1,a2c,423,166.18199590345677
1,a2c,424,126.88919664328073
1,a2c,425,115.43598759047572
1,a2c,426,102.56429211689928
1,a2c,427,146.3258334742921
1,a2c,428,155.47945428561425
1,a2c,429,141.17211608094593
1,a2c,430,138.29634004168855
1,a2c,431,138.41871294965964
1,a2c,432,160.1651800441538
1,a2c,433,157.30857011388412
1,a2c,434,174.8562055238036
1,a2c,435,139.477742082539
1,a2c,436,122.2502805373245
1,a2c,437,138.42093098056407
1,a2c,438,135.24266446607203
1,a2c,439,85.06978532633445
1,a2c,440,72.19405290986278
1,a2c,441,126.99858941134693
1,a2c,442,127.53161900965206
1,a2c,443,145.05223842743243
1,a2c,444,114.28554640398418
1,a2c,445,138.5887941269682
1,a2c,446,151.9071492788108
1,a2c,447,118.42391265094807
1,a2c,448,141.79496205636207
1,a2c,449,155.22824685631153
1,a2c,450,155.19086086035736
1,a2c,451,165.71419706021365
1,a2c,452,170.31150011379455
1,a2c,453,155.49239026287222
1,a2c,454,172.50714946003183
1,a2c,455,105.52379168518794
1,a2c,456,90.49580391887618
1,a2c,457,115.84323936574819
1,a2c,458,160.24333459550692
1,a2c,459,137.84334422239766
1,a2c,460,135.25333188153968
1,a2c,461,187.52633125799503
1,a2c,462,185.91770307689742
1,a2c,463,163.01991799247048
1,a2c,464,156.4094608461517
1,a2c,465,134.57926370451955
1,a2c,466,97.13928538044581
1,a2c,467,200.3782215241946
1,a2c,468,181.82000130463484
1,a2c,469,140.98967260659106
1,a2c,470,134.08347002160008
1,a2c,471,131.784247621371
1,a2c,472,134.86557707595423
1,a2c,473,163.8562537375252
1,a2c,474,123.0600767516374
1,a2c,475,112.85886042867244
1,a2c,476,123.58249320280161
1,a2c,477,132.4605351876897
1,a2c,478,156.81119416478975
1,a2c,479,147.49101885679798
1,a2c,480,112.34881723221761
1,a2c,481,199.2951246193636
1,a2c,482,155.51723637173066
1,a2c,483,179.32660642731028
1,a2c,484,143.95109520204034
1,a2c,485,126.7420286216235
1,a2c,486,134.0575060569575
1,a2c,487,115.67521335215112
1,a2c,488,180.53524041140855
1,a2c,489,161.24861216549152
1,a2c,490,127.03433912729282
1,a2c,491,195.5880646781212
1,a2c,492,202.78272149617928
1,a2c,493,136.20701310327507
1,a2c,494,122.16041608247185
1,a2c,495,202.62529894587857
1,a2c,496,168.8488172441624
1,a2c,497,161.31704901264345
1,a2c,498,150.09834270312703
1,a2c,499,149.10562282022266
2,a2c,0,-179.80392019310528
2,a2c,1,-161.39489255841576
2,a2c,2,-155.8927647135427
2,a2c,3,-191.6027941017677
2,a2c,4,-189.14980167109374
2,a2c,5,-198.82790517807297
2,a2c,6,-170.69294687160442
2,a2c,7,-115.04462106773525
2,a2c,8,-146.73137366822823
2,a2c,9,-188.0452817142708
2,a2c,10,-191.07813470484638
2,a2c,11,-159.7218189607016
2,a2c,12,-156.5587411907538
2,a2c,13,-136.32463115864925
2,a2c,14,-168.48772686319413
2,a2c,15,-178.14932950682504
2,a2c,16,-141.80292788952755
2,a2c,17,-155.09451589466295
2,a2c,18,-190.2177244525552
2,a2c,19,-162.58569271558562
2,a2c,20,-169.81976239504888
2,a2c,21,-151.3477036039617
2,a2c,22,-181.53889509136832
2,a2c,23,-124.63207906540366
2,a2c,24,-138.83195556178356
2,a2c,25,-130.10648729855893
2,a2c,26,-104.6557988723889
2,a2c,27,-84.41872975003385
2,a2c,28,-123.0047852296575
2,a2c,29,-105.77775612644866
2,a2c,30,-141.00675675300067
2,a2c,31,-118.07073413761171
2,a2c,32,-82.76547301356975
2,a2c,33,-140.03396946654007
2,a2c,34,-124.68818956270408
2,a2c,35,-91.23439895811016
2,a2c,36,-115.37675531396708
2,a2c,37,-155.0729773267978
2,a2c,38,-135.9818368588044
2,a2c,39,-109.6911054685194
2,a2c,40,-117.15327330138446
2,a2c,41,-80.51324573311256
2,a2c,42,-108.10163163658572
2,a2c,43,-74.48405330848261
2,a2c,44,-93.50375330229984
2,a2c,45,-119.67667634178069
2,a2c,46,-134.75103156574994
2,a2c,47,-58.200264414574335
2,a2c,48,-81.98156104582205
2,a2c,49,-50.86404808993041
2,a2c,50,-124.35947343337325
2,a2c,51,-83.51101973926961
2,a2c,52,-114.08655847545411
2,a2c,53,-61.08462653197846
2,a2c,54,-26.879526128655904
2,a2c,55,-83.40987945609099
2,a2c,56,-82.72589330270151
2,a2c,57,-71.95286698100509
2,a2c,58,-31.728642684779363
2,a2c,59,-60.5713244483026
2,a2c,60,-76.14095532130698
2,a2c,61,-67.3833010496366
2,a2c,62,-112.15096175551912
2,a2c,63,-63.28237700458429
2,a2c,64,-40.00605406424917
2,a2c,65,-76.3977119646602
2,a2c,66,-6.41132139215269
2,a2c,67,-63.946618800780755
2,a2c,68,-75.70553649253917
2,a2c,69,-37.94488000250642
2,a2c,70,-51.79855828762892
2,a2c,71,-35.293100575391776
2,a2c,72,-77.07485169129438
2,a2c,73,-60.87922315492666
2,a2c,74,-53.83232536629719
2,a2c,75,-36.74047793769249
2,a2c,76,-16.976260892524188
2,a2c,77,-80.53708929398462
2,a2c,78,-72.69729951138662
2,a2c,79,-70.5116833431251
2,a2c,80,-53.86316637983734
2,a2c,81,-64.44286945581563
2,a2c,82,-59.886217682184466
2,a2c,83,-62.20168054811461
2,a2c,84,-42.14284089268584
2,a2c,85,-11.122763741764551
2,a2c,86,21.20942228740018
2,a2c,87,-48.435582893423536
2,a2c,88,-10.115894905408469
2,a2c,89,-23.92211626335974
2,a2c,90,-98.0957890190303
2,a2c,91,-10.800139322581506
2,a2c,92,-39.62074757041288
2,a2c,93,16.213136542731764
2,a2c,94,-46.79290227264858
2,a2c,95,-14.264346484461523
2,a2c,96,-54.476900400203
2,a2c,97,-34.39543188098686
2,a2c,98,-10.380322785309763
2,a2c,99,-4.292399680919888
2,a2c,100,-44.430574494936536
2,a2c,101,-16.595723941936285
2,a2c,102,11.889939517283146
2,a2c,103,-3.685197405683537
2,a2c,104,54.77894068260801
2,a2c,105,17.531754646194432
2,a2c,106,12.850885559972014
2,a2c,107,-43.40960291248445
2,a2c,108,19.765017893996742
2,a2c,109,-52.269522660076206
2,a2c,110,-39.59333493072809
2,a2c,111,-2.666973365320433
2,a2c,112,16.89943077743637
2,a2c,113,-11.0687593279573
2,a2c,114,-23.963347322396793
2,a2c,115,-24.53913412862537
2,a2c,116,-4.840801239374997
2,a2c,117,-3.9397176077535168
2,a2c,118,-66.86272113047198
2,a2c,119,-8.095266956195962
2,a2c,120,21.519498722204993
2,a2c,121,25.186443618797824
2,a2c,122,31.507302035818686
2,a2c,123,-54.316588027049804
2,a2c,124,37.631426819898714
2,a2c,125,15.016253954224974
2,a2c,126,-0.3966501598559393
2,a2c,127,1.8236405227944417
2,a2c,128,42.61990785240079
2,a2c,129,14.216337170563843
2,a2c,130,16.444799995475996
2,a2c,131,-31.473629981936085
2,a2c,132,23.968334642435394
2,a2c,133,-23.95833482890403
2,a2c,134,15.856266175790592
2,a2c,135,-54.328108826228274
2,a2c,136,2.0370670352593034
2,a2c,137,44.95595341664379
2,a2c,138,-7.185848660837511
2,a2c,139,16.373893145327862
2,a2c,140,15.406289959558492
2,a2c,141,11.83886952894591
2,a2c,142,68.50715184450006
2,a2c,143,6.234263898114982
2,a2c,144,16.86810626603945
2,a2c,145,34.72710237705512
2,a2c,146,-8.602041280126114
2,a2c,147,54.071793478886114
2,a2c,148,30.415421393647073
2,a2c,149,-2.8825060308617
2,a2c,150,85.79828715756983
2,a2c,151,44.79842177308164
2,a2c,152,17.267015031132686
2,a2c,153,-0.03072982887661215
2,a2c,154,54.725594078792426
2,a2c,155,78.00404289453601
2,a2c,156,19.484110399196016
2,a2c,157,40.953823750892745
2,a2c,158,19.761509653578198
2,a2c,159,60.071407408838944
2,a2c,160,50.08600073278323
2,a2c,161,32.43089392565658
2,a2c,162,5.512161394667145
2,a2c,163,64.49561503222598
2,a2c,164,-18.526279816108694
2,a2c,165,5.3071105144858475
2,a2c,166,28.880653220256214
2,a2c,167,72.79344375796447
2,a2c,168,40.60839819345729
2,a2c,169,23.293361205219167
2,a2c,170,43.109403312394754
2,a2c,171,80.79052676545398
2,a2c,172,23.998131393437745
2,a2c,173,54.86268300724311
2,a2c,174,24.159486152605265
2,a2c,175,18.88517411021235
2,a2c,176,13.153810689060922
2,a2c,177,63.1606027929535
2,a2c,178,71.99957727381769
2,a2c,179,58.61907495658578
2,a2c,180,64.37715696119379
2,a2c,181,54.63341913969845
2,a2c,182,105.6389362503179
2,a2c,183,43.31406228853388
2,a2c,184,13.862592265517396
2,a2c,185,46.40127901075956
2,a2c,186,43.54844471372574
2,a2c,187,48.15032211326804
2,a2c,188,24.756442785780614
2,a2c,189,126.69753524651757
2,a2c,190,10.772736246089632
2,a2c,191,118.53951402961063
2,a2c,192,80.49545390932887
2,a2c,193,75.62967500137624
2,a2c,194,35.106128552973836
2,a2c,195,64.44107240425204
2,a2c,196,-27.531667169278013
2,a2c,197,114.33449306207424
2,a2c,198,50.033307149345525
2,a2c,199,55.21872387241178
2,a2c,200,54.36786078763893
2,a2c,201,125.52266154901444
2,a2c,202,68.52047244497263
2,a2c,203,94.1531506305118
2,a2c,204,40.04297662639932
2,a2c,205,55.45049311111633
2,a2c,206,92.53782315808265
2,a2c,207,50.27010187765778
2,a2c,208,69.48945397015245
2,a2c,209,75.85854199810763
2,a2c,210,67.0940331560917
2,a2c,211,107.93056247582683
2,a2c,212,54.147037062805644
2,a2c,213,134.58051786164773
2,a2c,214,44.297081854075145
2,a2c,215,75.84988903911301
2,a2c,216,28.511103075118527
2,a2c,217,109.5215631695979
2,a2c,218,92.16964049721344
2,a2c,219,19.545938903980066
2,a2c,220,98.32726269227247
2,a2c,221,67.63511031363389
2,a2c,222,93.47709853687658
2,a2c,223,43.45468189843187
2,a2c,224,40.89856687017257
2,a2c,225,81.94222264924491
2,a2c,226,42.05217386731944
2,a2c,227,61.258839324512905
2,a2c,228,66.49243928381881
2,a2c,229,52.698543862311496
2,a2c,230,93.46333710178652
2,a2c,231,77.47817183030102
2,a2c,232,55.02841829737486
2,a2c,233,134.72010117091196
2,a2c,234,84.03876986045205
2,a2c,235,76.86243257552107
2,a2c,236,57.20447143552193
2,a2c,237,20.762573978282084
2,a2c,238,110.66552347295506
2,a2c,239,128.63528823202927
2,a2c,240,108.91376860855581
2,a2c,241,57.70873302713077
2,a2c,242,94.67240367037417
2,a2c,243,99.75111510807332
2,a2c,244,60.62778857408393
2,a2c,245,77.99153551120429
2,a2c,246,140.34575046790235
2,a2c,247,85.1034520118917
2,a2c,248,139.908843434225
2,a2c,249,104.78371783517423
2,a2c,250,98.9387613801169
2,a2c,251,47.15492800270778
2,a2c,252,71.84436438647272
2,a2c,253,99.23025223578986
2,a2c,254,93.58183627644964
2,a2c,255,126.83731327252438
2,a2c,256,131.7294293310647
2,a2c,257,62.10418959576715
2,a2c,258,60.85487699491063
2,a2c,259,62.214786779299374
2,a2c,260,85.00641857337868
2,a2c,261,97.55060760911498
2,a2c,262,96.90353516596925
2,a2c,263,90.64747074778545
2,a2c,264,153.43190268360794
2,a2c,265,104.90495369356582
2,a2c,266,60.84548767211316
2,a2c,267,100.5148421414619
2,a2c,268,88.79453815918791
2,a2c,269,117.82207976071277
2,a2c,270,113.90171392992137
2,a2c,271,75.09797175663978
2,a2c,272,155.60536318926768
2,a2c,273,120.45052757298265
2,a2c,274,154.54642242685787
2,a2c,275,97.55780041259217
2,a2c,276,76.91335074074985
2,a2c,277,85.11763900933789
2,a2c,278,93.26021411404757
2,a2c,279,129.65885173473768
2,a2c,280,76.51772800180838
2,a2c,281,103.45987997439047
2,a2c,282,155.13837933972115
2,a2c,283,67.58986253930648
2,a2c,284,93.65119700910165
2,a2c,285,97.10065514359368
2,a2c,286,112.92815450558467
2,a2c,287,97.55504953554048
2,a2c,288,89.03858294722274
2,a2c,289,136.64436980749736
2,a2c,290,129.71508731028453
2,a2c,291,126.84893526996133
2,a2c,292,102.1323464986448
2,a2c,293,105.7704876548554
2,a2c,294,103.07574155583433
2,a2c,295,95.63001025622476
2,a2c,296,84.74682961388622
2,a2c,297,96.42820217715482
2,a2c,298,91.15281724511489
2,a2c,299,75.36605156569085
2,a2c,300,151.08870536123067
2,a2c,301,81.9868771881605
2,a2c,302,100.10416126921474
2,a2c,303,94.05185768859212
2,a2c,304,80.67523707635667
2,a2c,305,105.84429515430192
2,a2c,306,113.80921684689059
2,a2c,307,144.57623324117532
2,a2c,308,130.04801599470898
2,a2c,309,139.65492406019274
2,a2c,310,165.6765530034065
2,a2c,311,133.23864305897098
2,a2c,312,58.26732453741872
2,a2c,313,102.37351519422343
2,a2c,314,113.74884588740619
2,a2c,315,98.78234165351574
2,a2c,316,102.26837419672681
2,a2c,317,87.25055387965443
2,a2c,318,110.53041720270582
2,a2c,319,96.55366980046477
2,a2c,320,72.75184218768982
2,a2c,321,89.33223403296506
2,a2c,322,140.94792665258973
2,a2c,323,92.59248426836382
2,a2c,324,94.48306297977122
2,a2c,325,139.31095277835817
2,a2c,326,112.27917318033712
2,a2c,327,135.73375443639816
2,a2c,328,121.69002815291668
2,a2c,329,165.6984403342784
2,a2c,330,118.1465304296904
2,a2c,331,146.7558891567504
2,a2c,332,127.77977119273933
2,a2c,333,101.47879512119925
2,a2c,334,119.63581636875656
2,a2c,335,121.65027137793187
2,a2c,336,124.74004922450588
2,a2c,337,136.7887776369591
2,a2c,338,105.18696844261909
2,a2c,339,134.98868393873633
2,a2c,340,139.14683182847372
2,a2c,341,90.52862170440504
2,a2c,342,143.48162773381378
2,a2c,343,104.51159133933581
2,a2c,344,115.11479180326798
2,a2c,345,138.1499123599501
2,a2c,346,133.70038991085315
2,a2c,347,176.1394374702541
2,a2c,348,112.07006161715462
2,a2c,349,130.05021883392067
2,a2c,350,119.23187360153173
2,a2c,351,105.83160865265505
2,a2c,352,148.56330767368487
2,a2c,353,103.15715222768918
2,a2c,354,150.6411371715827
2,a2c,355,176.103691871097
2,a2c,356,162.4416347435134
2,a2c,357,151.14629078223697
2,a2c,358,141.16573299448282
2,a2c,359,119.9883795912097
2,a2c,360,113.40895078425216
2,a2c,361,85.06408506472695
2,a2c,362,138.77896623293222
2,a2c,363,126.36941833437083
2,a2c,364,144.16481967559147
2,a2c,365,177.1035373239192
2,a2c,366,119.77743029220512
2,a2c,367,163.3674428844116
2,a2c,368,173.11054180747095
2,a2c,369,170.86462771630048
2,a2c,370,125.1265451360293
2,a2c,371,126.37670972044944
2,a2c,372,157.5250685469424
2,a2c,373,98.1554752183435
2,a2c,374,139.10939343284585
2,a2c,375,98.41902906900678
2,a2c,376,130.32236325572927
2,a2c,377,127.67826790103057
2,a2c,378,137.1070610734821
2,a2c,379,92.48640715158814
2,a2c,380,125.1726471778478
2,a2c,381,70.8495635933942
2,a2c,382,116.551872295555
2,a2c,383,81.94628394781633
2,a2c,384,81.60082858430236
2,a2c,385,111.79558162604351
2,a2c,386,167.35064082454522
2,a2c,387,139.73351738334458
2,a2c,388,120.8507207956532
2,a2c,389,103.07116524424355
2,a2c,390,117.0530035786918
2,a2c,391,138.279319242045
2,a2c,392,150.00198529748687
2,a2c,393,119.16000206338109
2,a2c,394,109.47243697486725
2,a2c,395,61.99920814889023
2,a2c,396,128.98014884168373
2,a2c,397,144.65564254238905
2,a2c,398,180.38678721922005
2,a2c,399,148.58988160287757
2,a2c,400,173.5892959050974
2,a2c,401,116.87876948460347
2,a2c,402,175.81273867237996
2,a2c,403,146.9848696015199
2,a2c,404,148.90617409574068
2,a2c,405,121.93001420201671
2,a2c,406,148.33574830297306
2,a2c,407,147.37699114867786
2,a2c,408,119.8231010476348
2,a2c,409,167.3463035169614
2,a2c,410,130.3287026978915
2,a2c,411,137.09296203583108
2,a2c,412,178.4576343966643
2,a2c,413,178.35298102702205
2,a2c,414,161.9391889216332
2,a2c,415,104.27731572369161
2,a2c,416,147.54491030615227
2,a2c,417,90.2698390184543
2,a2c,418,126.17393059597163
2,a2c,419,188.75162016386642
2,a2c,420,149.7102732319139
2,a2c,421,156.2346435763356
2,a2c,422,120.0508081274829
2,a2c,423,177.90218321269933
2,a2c,424,136.4943502636525
2,a2c,425,100.70753483082518
2,a2c,426,119.89260627088754
2,a2c,427,128.35273116989413
2,a2c,428,145.95553137622596
2,a2c,429,140.11670569923203
2,a2c,430,139.24406846205818
2,a2c,431,139.9308230328179
2,a2c,432,164.58081505586227
2,a2c,433,160.29406706345742
2,a2c,434,160.31659757302805
2,a2c,435,154.42900702576335
2,a2c,436,132.412772296841
2,a2c,437,154.75138624605714
2,a2c,438,146.59267234051475
2,a2c,439,87.70025161341584
2,a2c,440,82.67488588382437
2,a2c,441,111.47310145973753
2,a2c,442,139.31533474427346
2,a2c,443,139.1936834749369
2,a2c,444,80.29294744371573
2,a2c,445,163.22410697387275
2,a2c,446,134.89835301921227
2,a2c,447,126.60918532488637
2,a2c,448,152.64145259476965
2,a2c,449,152.27463560898138
2,a2c,450,134.60719045342287
2,a2c,451,159.581628022214
2,a2c,452,164.88053333094686
2,a2c,453,179.61489059881728
2,a2c,454,142.63512454922773
2,a2c,455,100.34231772742766
2,a2c,456,94.41815405133548
2,a2c,457,134.5523474093907
2,a2c,458,149.9243947305457
2,a2c,459,140.47308667297074
2,a2c,460,142.88515526971688
2,a2c,461,169.59831684133317
2,a2c,462,205.3837048661498
2,a2c,463,144.05746027272193
2,a2c,464,154.78191026189415
2,a2c,465,134.00669894687655
2,a2c,466,117.97674745788285
2,a2c,467,197.3911865692491
2,a2c,468,150.21085454648266
2,a2c,469,133.57892181851633
2,a2c,470,145.3424415012692
2,a2c,471,118.01794015541223
2,a2c,472,144.85364486997773
2,a2c,473,171.222306146983
2,a2c,474,153.70656651726918
2,a2c,475,140.0353409501126
2,a2c,476,123.24858852174431
2,a2c,477,126.63260941377527
2,a2c,478,155.19291986821045
2,a2c,479,158.21316812718263
2,a2c,480,144.42027686707186
2,a2c,481,193.54364457018679
2,a2c,482,138.11233580777935
2,a2c,483,183.22400211182784
2,a2c,484,158.25678432324244
2,a2c,485,150.51777129766268
2,a2c,486,134.42479482685275
2,a2c,487,117.28975701031125
2,a2c,488,163.3966852775608
2,a2c,489,137.91188400286805
2,a2c,490,143.9645135934859
2,a2c,491,189.43317374723318
2,a2c,492,169.44743204186713
2,a2c,493,123.68784363980392
2,a2c,494,129.2233810587231
2,a2c,495,221.15836917852005
2,a2c,496,151.73217936407082
2,a2c,497,182.26250020277544
2,a2c,498,139.90662669605427
2,a2c,499,138.49091721886285
